{"resources":["assets/sounds/effects.mp3"],"spritemap":{"bat_flying":{"start":0,"end":1.6099773242630386,"loop":false},"black_hole":{"start":3,"end":3.5280045351473923,"loop":false},"bomb_explode":{"start":5,"end":5.746031746031746,"loop":false},"bomb_item_explode":{"start":7,"end":8.29795918367347,"loop":false},"bubble_bounce":{"start":10,"end":10.300521541950113,"loop":false},"bubble_in_the_hole":{"start":12,"end":13.2,"loop":false},"bubble_pop":{"start":15,"end":15.1,"loop":false},"button_click":{"start":17,"end":17.208979591836734,"loop":false},"button":{"start":19,"end":19.183038548752833,"loop":false},"cheering":{"start":21,"end":24.672018140589568,"loop":false},"color_bomb_explode":{"start":26,"end":26.721972789115647,"loop":false},"combo_reached":{"start":28,"end":29.057936507936507,"loop":false},"compass_explode":{"start":31,"end":32.92,"loop":false},"congratulation":{"start":34,"end":36.718004535147394,"loop":false},"copy_ball_explode":{"start":38,"end":38.74401360544218,"loop":false},"daily_reward":{"start":40,"end":40.91428571428571,"loop":false},"daily_spin":{"start":42,"end":46.33299319727891,"loop":false},"diamonds_eat":{"start":48,"end":49.48897959183674,"loop":false},"electric_explode":{"start":51,"end":51.68496598639456,"loop":false},"fireflies_explode":{"start":53,"end":54.393968253968254,"loop":false},"game_over_scene":{"start":56,"end":59.99673469387755,"loop":false},"gem_explode":{"start":61,"end":63.00206349206349,"loop":false},"gift_charge":{"start":65,"end":66.69795918367348,"loop":false},"gift_explode":{"start":68,"end":70.84734693877552,"loop":false},"gift_received":{"start":72,"end":73.6195918367347,"loop":false},"gift_reveal":{"start":75,"end":76.12326530612245,"loop":false},"goal_progress":{"start":78,"end":79.94507936507937,"loop":false},"leaves_explode":{"start":81,"end":81.31396825396826,"loop":false},"mirror_break":{"start":83,"end":84.75018140589569,"loop":false},"no_clear_bubble":{"start":86,"end":86.16,"loop":false},"popup_in":{"start":88,"end":88.20829931972789,"loop":false},"popup_out":{"start":90,"end":90.18,"loop":false},"pot_break":{"start":92,"end":93.01297052154194,"loop":false},"rainbow_item_explode":{"start":95,"end":95.64997732426303,"loop":false},"rocket_item_explode":{"start":97,"end":97.79396825396826,"loop":false},"shoot_bubble":{"start":99,"end":99.29678004535147,"loop":false},"spider_web_explode":{"start":101,"end":101.12197278911565,"loop":false},"star_progress_1":{"start":103,"end":103.49269841269842,"loop":false},"star_progress_2":{"start":105,"end":105.49265306122449,"loop":false},"star_progress_3":{"start":107,"end":107.49632653061225,"loop":false},"star_progress":{"start":109,"end":109.71943310657596,"loop":false},"start_game":{"start":111,"end":113.93913832199547,"loop":false},"stone_explode_1":{"start":115,"end":115.50596371882087,"loop":false},"stone_explode_2":{"start":117,"end":117.50596371882087,"loop":false},"switch_ball":{"start":119,"end":119.48,"loop":false},"thunder_ball_explode":{"start":121,"end":123.00496598639455,"loop":false},"ting":{"start":125,"end":126.39396825396825,"loop":false},"you_lose":{"start":128,"end":130.11591836734695,"loop":false},"you_win":{"start":132,"end":134.5114739229025,"loop":false}}}