{"resources":["assets/sounds/effects.mp3"],"spritemap":{"Bead Hit Sound 0":{"start":0,"end":0.09598639455782312,"loop":false},"PopupClose":{"start":2,"end":2.286167800453515,"loop":false},"PopupOpen":{"start":4,"end":4.207256235827664,"loop":false},"SFX_Potion_Drink":{"start":6,"end":6.335918367346939,"loop":false},"Star_Note_7":{"start":8,"end":9.32108843537415,"loop":false},"Star_note_1":{"start":11,"end":12.333356009070295,"loop":false},"Star_note_10":{"start":14,"end":15.333356009070295,"loop":false},"Star_note_11":{"start":17,"end":18.333356009070293,"loop":false},"Star_note_12":{"start":20,"end":21.333356009070293,"loop":false},"Star_note_13":{"start":23,"end":24.333356009070293,"loop":false},"Star_note_14":{"start":26,"end":27.333356009070293,"loop":false},"Star_note_15":{"start":29,"end":30.333356009070293,"loop":false},"Star_note_16":{"start":32,"end":33.33335600907029,"loop":false},"Star_note_2":{"start":35,"end":36.33335600907029,"loop":false},"Star_note_3":{"start":38,"end":39.33335600907029,"loop":false},"Star_note_4":{"start":41,"end":42.33335600907029,"loop":false},"Star_note_5":{"start":44,"end":45.33335600907029,"loop":false},"Star_note_6":{"start":47,"end":48.33335600907029,"loop":false},"Star_note_8":{"start":50,"end":51.33335600907029,"loop":false},"Star_note_9":{"start":53,"end":54.33335600907029,"loop":false},"Tab 3":{"start":56,"end":56.27863945578231,"loop":false},"booster_bomb_pop":{"start":58,"end":60.37591836734694,"loop":false},"booster_rocket_pop":{"start":62,"end":64.09673469387755,"loop":false},"bubble_bomb":{"start":66,"end":66.97718820861678,"loop":false},"bubble_rocket":{"start":68,"end":69.33455782312924,"loop":false},"button":{"start":71,"end":71.18303854875283,"loop":false},"change_bubble":{"start":73,"end":73.1633560090703,"loop":false},"common_getitem":{"start":75,"end":77.00206349206348,"loop":false},"congratulation":{"start":79,"end":81.71800453514739,"loop":false},"daily_reward":{"start":83,"end":83.91428571428571,"loop":false},"diamonds_eat":{"start":85,"end":86.48897959183674,"loop":false},"endanger_time":{"start":88,"end":91.02149659863946,"loop":false},"game_over_scene":{"start":93,"end":96.99673469387756,"loop":false},"gameover":{"start":98,"end":98.6377097505669,"loop":false},"gift_charge":{"start":100,"end":101.69795918367348,"loop":false},"gift_explode":{"start":103,"end":105.84734693877552,"loop":false},"gift_reveal":{"start":107,"end":108.12326530612245,"loop":false},"popup_in":{"start":110,"end":110.20829931972789,"loop":false},"popup_off":{"start":112,"end":112.18149659863946,"loop":false},"popup_out":{"start":114,"end":114.18149659863946,"loop":false},"popup_show":{"start":116,"end":116.20829931972789,"loop":false},"receive-stamp":{"start":118,"end":120.00163265306122,"loop":false},"rolling":{"start":122,"end":124.07167800453514,"loop":false},"score_counter":{"start":126,"end":129.03020408163266,"loop":false},"start_game":{"start":131,"end":133.93913832199547,"loop":false},"start_level":{"start":135,"end":138.67201814058956,"loop":false},"ticktock":{"start":140,"end":141.66312925170067,"loop":false}}}